PROVIDER_NAME,PROVIDER_SPECIALTY,PROVIDER_ADDRESS,PROVIDER_PHONE
Alonzo Howell MD,1345969,Obstetrics and Gynecology,"1100 Heritage Court, Orland, California  95963",425-800-0951
Jameel Stokes MD,2854067,Interventional Cardiology,"6800 Silver Creek Valley Road, San Jose, California  95138",436-821-8102
Lisa Bland RN,09W3825,Pediatrics,"400 Creek Landing Court, Katy, Texas  77449",852-284-2093
Julie Davis PA-C,9252908,Family Medicine/General Practice,"5100 Janie Court, El Cerrito, California  94530",286-980-4769
Kevin Major RN,27M3142,Emergency Medicine,"7300 County Highway I, Cedarburg, Wisconsin  53012",319-855-1482
Jeremy Mcbride MD,05M1244,Psychiatry,"4200 Beard Street, Cornelius, North Carolina  28031",402-325-8401
Michelle Vargas RN,52S9206,Preventive Medicine,"2600 Kirkwood Drive, Fairborn, Ohio  45324",626-344-7705
Kenneth Gerlach MD,5515443,Internal Medicine,"9800 Stewart Street, Hopkinsville, Kentucky  42240",870-345-0945
Charles Campbell MD,0990416,Psychiatry,"9200 Osborn Avenue, Brielle, New Jersey  08730",662-979-2081
Kevin Ware MD,11S0389,Psychiatry,"300 Glen Haven Drive, Fort Collins, Colorado  80526",781-825-8845
Trevor Calvert PA-C,21U8770,Internal Medicine,"5800 S Lombardy Loop, Jacksonville, Florida  32256",776-545-3358
Connie Callen RN,0617065,Psychiatry,"600 Lucys Lane, Fleming Island, Florida  32003",256-685-7234
Larry Hunter RN,3544748,Family Medicine/General Practice,"7200 15th Street, Campbell, Ohio  44405",687-983-4086
Paul Powers PA-C,45U6552,Family Medicine/General Practice,"4400 Gregory Road, Lebanon, Connecticut  06249",756-990-1823
Louisa Powers MD,5731534,Interventional Cardiology,"2000 Edward Street, Bellingham, Washington  98225",319-219-0996
Linda Trotter MD,57T2001,Obstetrics and Gynecology,"4400 Eastland Drive, Ft Mitchell, Kentucky  41017",981-476-2054
Samuel Jefferson RN,7189601,Ophthalmology,"5800 Mill Valley Court, Tampa, Florida  33624",743-725-9229
Marieka Cook MD,2183959,Hematology and Oncology,"5300 Danville Street, Montgomery, Alabama  36108",970-289-8548
Susan Mccracken MD,04Z7723,Family Medicine/General Practice,"100 Monaco Street, Twin Falls, Idaho  83301",605-770-0443
Ethan Pope PA-C,5181706,Internal Medicine,"2100 Elton Drive, Santee, California  92071",675-587-3202
Brad Coleman MD,99Z2336,Neonatal-Perinatal Medicine,"5700 Haddock Avenue, Las Vegas, Nevada  89115",637-752-5131
Kelly Casado PA-C,0624112,Internal Medicine,"5400 Holmes Trail, Chesapeake, Virginia  23322",539-318-9405
Mary Leong MD,29Z4010,Family Medicine/General Practice,"7300 W B Court, Lincoln, Nebraska  68522",573-707-3156
Paul Gonzalez PA-C,5116151,Allergy and Immunology,"9300 Belle Pines Drive, Greenwood, South Carolina  29646",726-501-7741
Nathaniel Winkler MD,34Z9144,Internal Medicine,"6600 N Mall Drive, Virginia Beach, Virginia  23452",909-588-8378
Michael Johnson DO,23Z0708,General Surgery,"2700 Lullwater Drive, Raleigh, North Carolina  27606",262-237-2165
Kelly Sanders MD,17T6292,Family Medicine/General Practice,"2300 Horizon Way, Greenwood, South Carolina  29649",221-530-7174
Rosemary Powell MD,9740152,General Surgery,"1900 Brayton Avenue, Corona, California  92880",325-399-1164
Jared Burdick MD,4448538,Internal Medicine,"6300 Rainbow Avenue, Fort Benning, Georgia  31905",449-593-8674
Landon Williams MD,40U6564,Allergy and Immunology,"1200 Sycamore Walk, Goleta, California  93117",702-348-8632
Robert Coffin MD,95W1859,Nephrology,"7200 Madison Avenue, New York, New York  10075",427-795-4182
Jacob Spalding RN,10S2046,Pediatrics,"4100 NW 92nd Terrace, Miami, Florida  33178",242-826-8553
Isela Alonzo MD,86Z3060,Radiation Oncology,"1400 Simmons Road, Hoosick Falls, New York  12090",928-809-7284
Christian Garner MD,0343084,Obstetrics and Gynecology,"100 Harvard Avenue, Chino, California  91710",338-322-9421
Kenneth Knight MD,23S9627,Internal Medicine,"7800 46th Avenue SE, Saint Cloud, Minnesota  56304",417-302-0385
Jason Jacobson MD,9355134,Anesthesiology,"2100 Berwind Road, Wayne, Pennsylvania  19087",646-685-8705
Jose Beatty MD,65Y6494,Radiology and Diagnostic Radiology,"7300 N 60th Street, Philadelphia, Pennsylvania  19142",331-822-0202
David Temple MD,56S7836,Dermatology,"2200 Summerfield Est, Doniphan, Missouri  63935",283-408-0952
Samantha Benitez MD,65S3388,Cardiovascular Disease,"4700 Camp Wahsega Road, Dahlonega, Georgia  30533",623-805-6558
Connie Cole RN,78U2921,Gastroenterology,"7700 11th Street, Palisades Park, New Jersey  07650",450-348-7272
Chonda Mcvey MD,41S6946,Obstetrics and Gynecology,"3900 Fairview Road, Oyster Bay, New York  11771",440-298-1815
Jerica Reynolds MD,64Z3919,Pediatrics,"5500 Mariposa Circle, Davis, California  95618",281-985-6212
Shana Estell PA-C,2368821,Internal Medicine,"6700 High Street, Mount Holly, New Jersey  08060",743-757-0661
Roger Nieves MD,53U3293,Geriatric Medicine,"3100 S Blueridge Court, Fort Collins, Colorado  80524",571-343-6429
William Staten MD,2182851,Pediatrics,"5400 Westview Drive, Alvin, Texas  77511",285-375-5476
Shanell Brooks MD,3935561,Anesthesiology,"2100 N Oasis Drive, Boynton Beach, Florida  33426",803-953-7967
Suzanne Granger RN,42M5710,Emergency Medicine,"1200 Croxford Road, Hampden, Maine  04444",830-592-3016
Amanda Furlong DO,25Z8674,Pediatrics,"500 E 800 North Street, Springville, Utah  84663",682-613-9206
Rosemarie Barker MD,30U9466,Family Medicine/General Practice,"6100 SW 34th Avenue, Miami, Florida  33145",846-909-4180
Kathleen Sepulveda MD,7571164,Emergency Medicine,"1400 County Road 1036, Pierce City, Missouri  65723",474-959-0167
Taylor Parker RN,1448010,Internal Medicine,"4500 Maplehill Avenue SW, Navarre, Ohio  44662",346-838-1566
Millissa Rapp DO,2002676,Family Medicine/General Practice,"4000 Cr 2826, Shelbyville, Texas  75973",632-653-8817
Jesica Landry PA-C,47Z9743,Cardiovascular Disease,"4900 W Maple Street, Alpena, Michigan  49707",824-369-1934
Ray Nicholson MD,52M3525,General Surgery,"9000 Hemlock Avenue, Redwood City, California  94061",623-731-5563
Lolita Price MD,55S4208,Psychiatry,"2300 W Skyline Peak Court, Las Vegas, Nevada  89148",561-994-4063
Jimmy Whaley RN,4846071,Physical Medicine and Rehabilitation,"5800 Rockland Drive, Birmingham, Alabama  35226",762-809-6858
April Bridges MD,4387780,Anatomic/Clinical Pathology,"4500 Lavergne Avenue, Country Club Hills, Illinois  60478",646-682-6608
Loretta Henley RN,54Y3382,Internal Medicine,"5100 Country Walk Drive, Wrightsville, Pennsylvania  17368",956-950-1948
Neill Chinana PA-C,1052562,Urology,"4900 S Palm Avenue, Ontario, California  91762",774-774-2526
Gary Spires RN,07U9133,Ophthalmology,"1900 N Crilly Court, Chicago, Illinois  60614",274-540-4686
Mary Henry RN,92Y8953,Preventive Medicine,"4500 Coolidge Road, Farwell, Michigan  48622",507-469-7628
Carmen Bucher MD,3718722,Family Medicine/General Practice,"5200 Foster Street, Gig Harbor, Washington  98335",609-423-7732
Jennifer Young MD,7195139,Cardiovascular Disease,"2600 Wilton Rigsby Road, Cuthbert, Georgia  39840",340-927-5553
Michael Sanders MD,29U7451,Pediatrics,"2500 N Minn Street, Mitchell, South Dakota  57301",838-765-3009
Troy Richardson RN,4543127,Orthopedic Surgery,"9000 S Walker Street, Lake Wales, Florida  33853",585-957-7447
Frederick Keating MD,56U6457,Internal Medicine,"5000 Dolan Street, Bremerton, Washington  98310",846-258-7410
Mariah Healy PA-C,8194492,Ophthalmology,"3900 Denver Court, Moreno Valley, California  92553",324-679-7860
Cory Pruitt MD,15U3431,Anatomic/Clinical Pathology,"8100 Melview Road, Quincy, Illinois  62301",927-685-0124
Janice Graham RN,7776174,Emergency Medicine,"5300 Gillingham Court, Oceanside, California  92058",939-720-7067
Anthony Brooks MD,13M7206,Orthopedic Surgery,"2800 Kuebler Road, Easton, Pennsylvania  18040",323-413-9941
Irvin Mckee MD,70T2162,Radiology and Diagnostic Radiology,"3000 Marlin Lane, Westmoreland, Tennessee  37186",787-316-8750
Marc Hancock MD,9513461,Cardiovascular Disease,"5800 Brook Crest Way, Pinson, Alabama  35126",816-280-6628
Gabriel Mccorkle MD,93T9633,Vascular Surgery,"500 NE Anderson Street, Burleson, Texas  76028",507-445-5779
Garland Olson MD,5228124,Vascular and Interventional Radiology,"4300 E Stoney Hill Road, Absecon, New Jersey  08201",741-959-3522
Alisa Stein MD,2113472,Family Medicine/General Practice,"6700 Cypress Way S, Saint Petersburg, Florida  33705",267-241-1332
Jennifer Mayes RN,6659948,Family Medicine/General Practice,"9800 W Radan Court, Peoria, Illinois  61604",724-853-8151
Michelle Thurman MD,0855524,Family Medicine/General Practice,"700 Mystic Lane, Anaheim, California  92804",459-799-4386
Barbara Goff DO,71T9579,Cardiovascular Disease,"900 Witches Willow Lane, Colorado Springs, Colorado  80906",768-586-1222
Marko Wolfe MD,1216269,Internal Medicine,"9100 Cedar Street, Redwood City, California  94063",732-560-0261
David Nguyen MD,5519066,Family Medicine/General Practice,"9300 Scott Street NW, Atlanta, Georgia  30314",989-788-6337
Jennifer Fierro MD,28W5128,General Surgery,"7500 N 35th Street, Allentown, Pennsylvania  18104",686-666-1389
Pamela Zimmerman DO,2314695,Ophthalmology,"9600 Touch-Me-Not Lane, Lewistown, Pennsylvania  17044",232-698-1643
Maureen Williamson MD,3406875,Infectious Disease,"2100 Mountainside Drive, Colorado Springs, Colorado  80918",560-862-7328
Kenneth Schwartz RN,51Y6736,Radiation Oncology,"6900 Howard Street, Campbellsville, Kentucky  42718",959-631-3881
Timothy Bickel MD,32U4946,Rheumatology,"8200 College Avenue, Bristol, Tennessee  37620",447-329-9231
Thomas Baxter MD,49U1067,Gastroenterology,"9800 Montague Road, Savannah, Georgia  31410",906-338-5787
Shirley Crawford MD,54M5750,Internal Medicine,"5800 Prospect Avenue NE, Albuquerque, New Mexico  87110",510-915-9330
Paula Williams MD,50Z7414,Anatomic/Clinical Pathology,"400 Edgewood Avenue, Oakmont, Pennsylvania  15139",570-923-4775
Timothy Billups DO,9580187,Internal Medicine,"2700 T-739, Quarryville, Pennsylvania  17566",906-740-3580
Gina Fernandez PA-C,18S8501,Internal Medicine,"6400 Donald Drive, Florence, Kentucky  41042",307-884-6354
Joseph Stephenson MD,48U8970,Endocrinology Diabetes and Metabolism,"7900 Sarvies Lane, Brickeys, Arkansas  72320",857-470-8162
Lindsay Bowers MD,5165222,Thoracic Surgery,"3500 Pso Noche, Camarillo, California  93012",675-691-0079
Jodi Garcia MD,7471304,Internal Medicine,"1900 87th Street, Woodhaven, New York  11421",280-825-8352
Debra Morrell DO,1510250,Family Medicine/General Practice,"500 Rio del Sol, Montebello, California  90640",340-462-3410
Wayne Davis MD,3761800,Nephrology,"9200 S Bermuda Drive, Gilbert, Arizona  85295",615-980-4584
Cynthia Chan MD,86S1694,Pediatrics,"4300 W Mason Street, Springfield, Illinois  62702",738-735-6495
Kasey Brown DO,1119524,Obstetrics and Gynecology,"6100 State Road S-29-779, Kershaw, South Carolina  29067",208-917-9516
Trevor Bradford MD,2270196,Hematology and Oncology,"9900 Rosalie Drive, Waco, Texas  76708",876-721-2011
Ian Royal PA-C,5246989,Internal Medicine,"2700 Levering Avenue, Los Angeles, California  90024",459-431-8843
Penny Abbott RN,32S9019,Preventive Medicine,"500 Hereford Estates Drive, Tomball, Texas  77377",260-263-8158
Gilbert Depaz MD,81Z2463,Psychiatry,"5100 College Avenue, Davenport, Iowa  52803",871-579-9260
Betty Price MD,48Z6389,Internal Medicine,"100 Beresford Ct NW, Norcross, Georgia  30092",979-741-6502
Marion Knight DO,2867472,Emergency Medicine,"6600 W Cavalier Drive, Phoenix, Arizona  85019",813-397-0029
Irene Rogers PA-C,87Z3706,Neurology,"2500 S Kenosha Avenue, Oglesby, Illinois  61348",768-572-2003
Marline Brown PA-C,1477162,Gastroenterology,"8600 Hussey Street, New Bedford, Massachusetts  02740",972-252-9219
Ryan Chavez MD,2061863,Internal Medicine,"3900 NW 6th Street, Miami, Florida  33125",268-704-2323
Crystal Preston RN,30U8465,Interventional Cardiology,"6000 Cortez Drive, Fairfax, Virginia  22030",636-308-7866
Robert Kehoe MD,16Z4453,Internal Medicine,"1700 Chestnut Hill Road N, Albany, New York  12211",445-856-6135
Sarah Mclaughlin MD,12Z2499,Radiology and Diagnostic Radiology,"6000 Norfolk Street, Aurora, Colorado  80011",459-802-8359
Christopher Dye MD,4982451,Ophthalmology,"7600 Lavender Place, Hercules, California  94547",687-874-7486
Chandler Sims MD,78U7019,Orthopedic Surgery,"4400 Donnelly Street, Keyport, New Jersey  07735",858-851-7200
Douglas Brinkley MD,13T6730,Pediatrics,"5200 Perry Street, Schenectady, New York  12306",504-220-5132
Celinda Williams-Jeanbaptiste MD,42W1288,Pediatrics,"2500 W 139th Street, New York, New York  10031",616-519-2319
Bobbie Perez MD,1919871,Neurology,"4700 Redwood Highway, Kerby, Oregon  97531",821-396-0821
Matias Castillo PA-C,8127980,Emergency Medicine,"6000 Stockholm Road, Bemus Point, New York  14712",329-437-7353
Adam Hughes MD,07W1146,Cardiovascular Disease,"8400 E Greenleaf Drive, Mead, Washington  99021",936-613-2063
Robert Wright PA-C,76U7221,Nephrology,"9500 Villa Los Ranchos NE, Albuquerque, New Mexico  87113",612-630-4198
Sandra Rogers MD,7132634,Anesthesiology,"8400 SW Evans Avenue, Lawton, Oklahoma  73505",713-609-9144
Cheryl Deloach MD,12Z3957,Anatomic/Clinical Pathology,"100 E Poppy Hills Street, Eagle, Idaho  83616",951-590-0301
Eileen Yang PA-C,2244441,Internal Medicine,"3500 Olive Circle, Fontana, California  92337",758-614-3706
Joshua Mata RN,85U7442,Family Medicine/General Practice,"4500 N Foxtail Lane, Glen Mills, Pennsylvania  19342",629-572-4430
Jacob Ho PA-C,2374216,General Surgery,"1300 Ridgewood Road, Anchorage, Alaska  99516",265-833-5682
George Fung MD,41W4997,Anatomic/Clinical Pathology,"6900 Corduroy Road, Mentor, Ohio  44060",660-948-9456
Michelle Barnes PA-C,44W5757,Preventive Medicine,"100 June Springs Drive SW, Marietta, Georgia  30008",741-706-3260
Tracy Knott RN,69U5719,Geriatric Medicine,"1500 Meekland Avenue, San Lorenzo, California  94580",924-804-6940
Phillip Thompson MD,0846049,Anatomic/Clinical Pathology,"3100 Fire Thorn, Irvine, California  92620",642-938-3603
Mary Black MD,3889528,Pediatrics,"2600 Grondinwood Court, Milford, Michigan  48380",904-453-9429
Karen Horn PA-C,7054196,Internal Medicine,"5900 Bredenberg Lane, Turlock, California  95380",280-735-6741
Barbara Mcnamara MD,87U7869,Hematology and Oncology,"5900 Lakeview Drive, Auburn, New York  13021",265-345-5107
Kenneth Rivera MD,13Y0861,Internal Medicine,"3300 Bateman Drive, Phoenixville, Pennsylvania  19460",758-839-7659
John May RN,7553659,Psychiatry,"9700 East Vista Drive, Phoenix, Arizona  85022",986-247-6652
Andrea Bennett-Burton MD,0353834,Internal Medicine,"4900 Saddle Hollow Court, Crozet, Virginia  22932",268-605-0275
Sarah Bair MD,1707436,Internal Medicine,"5400 E 92nd Street, Chicago, Illinois  60617",869-224-3825
Randall Weaver PA-C,80W3468,Family Medicine/General Practice,"700 BIA Road 47, Toppenish, Washington  98948",539-839-6274
Wilma Santiago RN,2091038,Family Medicine/General Practice,"9200 Epping Street, Dorchester Center, Massachusetts  02124",870-638-1599
Jacqueline Whitehead PA-C,4461936,Family Medicine/General Practice,"8200 Clyde Street, San Francisco, California  94107",417-242-7844
Shaun Langley MD,2043519,Ophthalmology,"1800 Fuller Meadow Road, North Andover, Massachusetts  01845",757-475-7974
Gloria Puga PA-C,33W5199,Neurological Surgery,"2700 Laurette Street, Torrance, California  90503",329-534-6361
Lesly King MD,75T5092,Urology,"300 Hickory Creek Circle, Alexander, Arkansas  72002",302-893-0782
Martina Garcia RN,2400244,Anesthesiology,"5000 E Bruce Avenue, Spokane, Washington  99217",517-574-0579
David Tyson MD,9177483,Thoracic Surgery,"5200 Flannagan Street, Moss Point, Mississippi  39563",680-628-9988
Lauren Smith RN,5888411,Emergency Medicine,"4600 Quay Assisi, New Smyrna Beach, Florida  32169",252-627-2716
Daniel Orozco MD,2762084,Cardiovascular Disease,"7100 Triple Creek Road, Oroville, Washington  98844",430-287-1491
Jessica Campbell RN,7619589,Emergency Medicine,"5100 Avenue P, Fort Pierce, Florida  34950",437-402-6278
Madeline Larson MD,3068860,Physical Medicine and Rehabilitation,"6900 Woodmoss Drive, Houston, Texas  77037",403-458-2367
Cristian Dunn MD,41T2845,Family Medicine/General Practice,"7600 Terminal Avenue, Everett, Washington  98201",839-306-9364
Jeremy Romo PA-C,56T2373,Obstetrics and Gynecology,"5800 S Vintage Road, Quarryville, Pennsylvania  17566",952-475-1384
Nicholas Wong MD,81M2899,Physical Medicine and Rehabilitation,"2900 Twin Peaks Lane, Alamo, California  94507",214-486-2107
Laura Mccary MD,7294613,Pediatrics,"900 Forum Park Drive, Houston, Texas  77036",684-664-1524
Terry Paz RN,7823295,Obstetrics and Gynecology,"1500 S Blue Cooper Court, Las Vegas, Nevada  89113",286-788-7886
Paul Miller MD,88S9875,Family Medicine/General Practice,"9800 Appaloosa Drive, Rockwall, Texas  75087",703-231-6011
Megan Best MD,2532983,Anesthesiology,"3000 S Sherman Avenue, Sioux Falls, South Dakota  57105",618-593-1101
Donna Busby MD,14T2195,Anatomic/Clinical Pathology,"1100 Roselawn, Port Huron, Michigan  48060",668-877-4251
Daphne Nielsen MD,8659323,Psychiatry,"1400 Brian Wesley Court, Yorktown, Virginia  23693",418-513-2806
Kelly Bell RN,85M4911,Radiology and Diagnostic Radiology,"1800 NE 37th Place, Miami, Florida  33180",818-940-7104
Diana Stover RN,4165733,Interventional Cardiology,"3600 Sugar Creek Lane, Mattoon, Illinois  61938",669-602-8951
Jama Montes MD,74M1084,Nephrology,"1800 Curve Avenue, Riverside, Rhode Island  02915",952-466-2329
Mildred Puentes RN,3123491,Family Medicine/General Practice,"7000 SW Swank Road, Sherwood, Oregon  97140",350-675-0855
Daniel Reed MD,1772138,Emergency Medicine,"1400 E 229th Drive S, Bronx, New York  10466",937-932-3384
Torey Pierce MD,9515090,Anatomic/Clinical Pathology,"2800 Wickett Terrace, Bethesda, Maryland  20814",534-471-1928
Shantel Messer RN,8398878,Internal Medicine,"6900 Laramore Lane, Riverside, California  92509",439-226-3478
Maritza Phillips MD,11S5508,Obstetrics and Gynecology,"7200 Senna Court, Orlando, Florida  32826",784-371-4462
Jeffery Britt MD,0024767,Family Medicine/General Practice,"9600 Glenview Lane, Downingtown, Pennsylvania  19335",328-529-0681
Thomas Rogers MD,1990053,Family Medicine/General Practice,"7700 N Riverside Drive, Fort Worth, Texas  76111",708-448-2608
Barbara Showalter MD,10Z1069,Family Medicine/General Practice,"300 Severn Circle, Chocowinity, North Carolina  27817",981-920-5220
Peter Healy RN,95S8261,Pediatrics,"8700 E 13th Avenue, Junction City, Oregon  97448",606-772-8493
Stephanie Ridgeway RN,23Y5277,Pediatrics,"6100 S Hill Road, Cattaraugus, New York  14719",956-357-9168
Shane Collins MD,71Z4650,Internal Medicine,"400 Las Palmas Drive, Rio Grande City, Texas  78582",362-833-0824
Bradley Maloney MD,31W3880,Family Medicine/General Practice,"5700 Denby Court, Towson, Maryland  21286",479-673-8519
Ginger Lee MD,74M6879,Pediatrics,"8600 N Croft Avenue, West Hollywood, California  90069",841-931-4783
Richard Lee MD,3991271,Obstetrics and Gynecology,"1900 Sylvan Street, Bridgeport, Connecticut  06606",313-677-4633
Gorge Diamond MD,29T3132,Family Medicine/General Practice,"2300 SE 147th Court, Portland, Oregon  97236",627-903-3884
Brian Garcia RN,0678014,Emergency Medicine,"6000 E Ct 4 Center, Moline, Illinois  61265",940-958-3728
Doris Moen DO,10M9496,Psychiatry,"1000 Eagle Crst Lp, Bismarck, North Dakota  58501",602-605-5197
Cora Blankenship MD,3393898,Psychiatry,"1500 County Road 283, Florence, Alabama  35633",982-762-1882
Gary Whitehead DO,88Z6163,Neurology,"6900 St Regis Court, Montgomery Village, Maryland  20886",508-832-1703
Judith Smith MD,3031636,General Surgery,"6000 Hemmen Terrace Court, Colwich, Kansas  67030",351-451-2999
Donna Hayden MD,15Z2452,Orthopedic Surgery,"300 Beach Park Road, South Lyon, Michigan  48178",580-921-5358
Tamika Knight MD,41W5734,Critical Care Medicine,"9000 Villere Street, Opelousas, Louisiana  70570",838-773-2062
Jennifer Nichols MD,1228665,Psychiatry,"7400 S 150 W, Tremonton, Utah  84337",843-294-2598
Kyle Haase RN,73Y8729,Family Medicine/General Practice,"6200 New Hope Road, Naperville, Illinois  60540",736-318-0254
Kasey Delgado PA-C,6587849,Hematology and Oncology,"1800 Downing Drive, Columbus, Georgia  31906",723-236-7860
Jesse Batista MD,7612455,Vascular and Interventional Radiology,"4300 Edgewood Avenue, Wyckoff, New Jersey  07481",257-289-0431
Phillip Wolfe MD,57Y6117,Pediatrics,"2900 la Tanya Drive, Tucson, Arizona  85737",336-389-7402
Lori Nelson DO,79U9123,Anesthesiology,"1800 Margaret Way, Ceres, California  95307",473-322-3903
Damon Miller MD,9238567,Gastroenterology,"9100 Emily Road, Adelanto, California  92301",257-277-5520
Joyce Stratton MD,80T4007,Infectious Disease,"8600 Leonard Street, Mechanicville, New York  12118",724-570-2431
Howard Mckee MD,4413253,Pediatrics,"6300 George M Lynch Drive N, Saint Petersburg, Florida  33702",951-241-6642
Nicholas Pearson PA-C,4780296,Internal Medicine,"3500 Geneva Drive, Rockwell, North Carolina  28138",758-860-7944
Micheal Breeden MD,4884125,Family Medicine/General Practice,"9500 W 4330 S, Salt Lake City, Utah  84128",440-980-2731
Robert Meza DO,84S9023,Emergency Medicine,"3900 Vogel Court, Charlotte, North Carolina  28206",573-924-4364
Tyson Bates PA-C,3932890,Internal Medicine,"100 Nancy Drive, Prescott, Arizona  86301",776-748-3837
Danielle Christ RN,52W1278,Obstetrics and Gynecology,"8400 Oak Street, Austell, Georgia  30106",267-421-2475
Jessica Burgess RN,6679823,Emergency Medicine,"900 S Avenue N, Chicago, Illinois  60617",281-591-6160
Katherine Shane MD,4258369,Radiation Oncology,"100 Rye Hill Circle, Somers, Connecticut  06071",852-628-0587
Neil Bohannon RN,4713870,Neurology,"3400 Mistletoe Holw, Gadsden, Alabama  35901",284-289-2800
Leslie Lewis RN,74M0860,Family Medicine/General Practice,"6100 Bif Court, Orlando, Florida  32809",406-255-8757
Christopher Smith RN,1402994,Pain Medicine and Pain Management,"2200 Mango Court, Richmond, Virginia  23223",563-908-8645
Sarah Best MD,44W2690,General Surgery,"7800 N Washington Avenue, Glenview, Illinois  60025",850-680-3163
Cynthia Tanner MD,3978379,Obstetrics and Gynecology,"8800 Tibbits Avenue, Troy, New York  12180",269-370-9713
David Lofton MD,50Z6715,Rheumatology,"7400 W University Avenue, Fresno, California  93705",468-543-0392
Mona Chapa MD,43Y8850,Neurological Surgery,"9300 Ansellia Road, La Mesa, New Mexico  88044",941-683-8418
Luis Evans MD,3575108,Anesthesiology,"5700 Mount Read Boulevard, Rochester, New York  14611",459-579-8894
Grace Duncan MD,69Y0076,Nephrology,"3800 Cepin Drive, Valley Center, California  92082",360-309-7305
Daniela Kilpatrick MD,1029280,Pediatrics,"3400 Plastic Drive, Livingston, Tennessee  38570",802-959-1841
Terri Goad PA-C,71M8940,Pediatrics,"6900 Lena Street, East Providence, Rhode Island  02914",482-233-9188
Marilyn Crane MD,20U5225,Orthopedic Surgery,"600 Atoka Street, El Paso, Texas  79905",585-633-8087
Cynthia Martinez MD,4832025,Cardiovascular Disease,"7800 Norton Avenue, Oakland, California  94602",326-414-2754
William Maldonado MD,3429994,Family Medicine/General Practice,"6000 S 4805 W, Salt Lake City, Utah  84118",486-352-6211
Heather Vaughan MD,0072847,Internal Medicine,"5100 Holbrook Circle, Fort Walton Beach, Florida  32547",483-643-5916
Kathleen Carr MD,5923930,Family Medicine/General Practice,"8900 Fairfax Drive, Chagrin Falls, Ohio  44022",530-257-4187
Joseph Greene RN,24S3816,Anesthesiology,"8400 W Slauson Avenue, Los Angeles, California  90003",864-554-7401
Georgia Marshall MD,8874324,Neurology,"5500 E Main Street, Lansing, Michigan  48912",432-353-0349
Lila Mccord PA-C,9392696,Emergency Medicine,"8400 E Lowes Creek Road, Eau Claire, Wisconsin  54701",326-791-7339
Roger Swanson RN,8409065,Internal Medicine,"900 North San Jacinto Street, San Antonio, Texas  78207",310-393-9586
Andrew Hargis MD,91T7560,Ophthalmology,"7700 Great Lakes Drive, Dallas, Texas  75235",605-958-1295
Charles Ishibashi MD,01T9220,Radiation Oncology,"4300 Nelson Place, Denver, Colorado  80215",234-928-0418
David Williams RN,4243902,Emergency Medicine,"5200 Bishop Loop, Fairmount, Georgia  30139",971-689-9454
Lindsay Gomez MD,3293689,Emergency Medicine,"500 Blucher Avenue, Van Nuys, California  91411",516-313-5284
Paula Huey RN,24S8078,Family Medicine/General Practice,"1600 Crestwood Drive, Joliet, Illinois  60432",307-773-3136
Benjamin Roberts RN,9952804,Pediatric Hematology/Oncology,"1400 Clarence Avenue, Country Club Hills, Illinois  60478",734-350-2778
Earnestine Williams MD,14T2973,Urology,"6000 Ramp Patch Lane, Waynesville, North Carolina  28786",864-645-6546
Ilana Cummings MD,9243361,Internal Medicine,"7500 Browns Lane, Brainerd, Minnesota  56401",952-647-1652
Stefan Guffey RN,52U9245,Infectious Disease,"7700 Sonoma Street, Winnemucca, Nevada  89445",678-758-5507
James Flynn MD,5061891,Pediatrics,"900 Walnut Avenue, Polo, Illinois  61064",768-672-0230
Jason Lewandowski MD,1862903,Internal Medicine,"3700 Robin Rdg, New Milford, Connecticut  06776",857-498-3790
Scott Owen RN,9266818,Family Medicine/General Practice,"2200 Warwick Street, La Porte, Indiana  46350",369-671-4041
Lisa Perkins RN,6984832,General Surgery,"2100 SW Westridge Terrace, Portland, Oregon  97223",824-205-0815
Kenneth Hales MD,8718415,Child and Adolescent Psychiatry,"9400 Woodcrest Drive, Freehold, New Jersey  07728",534-389-3062
Diane Martinez MD,5806774,Internal Medicine,"2500 Lucerne Drive, Lakewood, New Jersey  08701",978-543-1405
Romy Rodriguez MD,5191205,Pediatrics,"5200 State Route 8, Athens, Georgia  30601",737-963-5450
Anton Maxwell MD,48M4375,Ophthalmology,"7700 Gravel Pit Road, Taylor, Texas  76574",468-987-7588
Janet Hinkle RN,20Z6414,Urology,"1400 Metrowest Boulevard, Orlando, Florida  32811",223-320-9841
Anahi Jenkins MD,06Z2410,General Surgery,"5100 Brandon Road, Huntingdon, Tennessee  38344",668-793-5848
Jessica Tucker RN,09Y7041,Gastroenterology,"5300 Maplewood Drive, Nicholasville, Kentucky  40356",539-651-6286
Billy Taylor RN,4400553,Hematology and Oncology,"9700 East Ocotillo Road, Gilbert, Arizona  85297",640-506-6125
Andrew Lloyd MD,7269457,Interventional Cardiology,"4900 Peak Avenue, Morgan Hill, California  95037",386-512-2057
Linda Smith MD,1590891,General Surgery,"9400 Crestmont Way NW, Kennesaw, Georgia  30152",659-255-9011
Rusty Lockhart RN,4449070,Internal Medicine,"3000 Lake Lenore Road, Denville, New Jersey  07834",415-968-7137
Rebecca Mayer MD,92S5717,Neurology,"6000 SW 61st Way, Miami, Florida  33193",656-347-2580
Ryan Costello MD,5104812,Family Medicine/General Practice,"5400 Valley View Road, Olean, New York  14760",850-218-1808
William Elliott RN,90T6443,Psychiatry,"6900 W Sycamore Street, Silver Lake, Indiana  46982",408-333-1881
Courtney Adams RN,5843676,Critical Care Medicine,"2500 Commodore Ct SE, Decatur, Alabama  35601",582-767-2316
Valeria Foley MD,0188178,Ophthalmology,"4900 Bathgate Court, Montgomery Village, Maryland  20886",675-488-3796
Jammie Walls MD,3203089,Psychiatry,"4500 Killion Street, Van Nuys, California  91401",717-447-5590
Scott Coyle MD,51Z8471,Child and Adolescent Psychiatry,"3500 Warde Street, Auburn, Washington  98001",214-830-5422
John Apple MD,44T6937,Otolaryngology,"2600 S Crest Drive, Los Angeles, California  90034",348-998-2750
Lorraine Almeida MD,77W8459,Family Medicine/General Practice,"500 Oakwood Drive, Mount Olive, Illinois  62069",475-205-2937
Brendan Bentley MD,9601662,Psychiatry,"3100 3rd Avenue, New York, New York  10029",821-888-5246
Aoife Ashby MD,2656094,Plastic Surgery,"3800 79th Street Boat Basin, New York, New York  10024",784-434-3654
Molly Ray MD,3180497,Emergency Medicine,"7400 E Hiawatha Drive, Monticello, Indiana  47960",978-433-0900
Jessica Mcqueen MD,41U8877,Plastic Surgery,"5500 N Oak Street, Lake Worth, Florida  33462",659-677-5814
Richard Hunt RN,5504582,Psychiatry,"2300 Horn Drive, White Hall, Arkansas  71602",207-271-8420
Anthony Smith MD,22M1381,Pediatrics,"5000 Pine Street, Creston, Ohio  44217",745-833-2947
Clarence East MD,3678357,Ophthalmology,"3200 Royal Place, Honolulu, Hawaii  96816",439-429-2401
Sacha Wilkins MD,0030838,Obstetrics and Gynecology,"9000 Lancaster Court, Charlottesville, Virginia  22901",860-783-8126
Alexander Dalton MD,82Z0793,Dermatology,"2300 Oasis Drive, Land O Lakes, Florida  34639",285-208-4613
Derrick Starks RN,6707347,Pediatrics,"9000 Ronald Road, Georgetown, Texas  78626",259-879-2415
Kaye Avery DO,56W4539,Internal Medicine,"7600 Gretna Street, Bethesda, Maryland  20814",848-462-5474
Jonathan Dodge MD,3550956,Otolaryngology,"9900 Delbarr Court, San Jose, California  95125",621-320-9254
Aaron Chapman MD,7394973,Ophthalmology,"4200 37th Avenue, Long Island City, New York  11101",620-327-7219
Larry Diaz MD,4971309,Gastroenterology,"6500 Holly Court, Girard, Pennsylvania  16417",903-735-0991
Myrna Causey RN,8274188,Family Medicine/General Practice,"9500 Fernhill Park, Portland, Oregon  97211",356-779-3950
Theodore Larry DO,74U9358,Neuroradiology,"7300 Sunset Drive, Weaver, Alabama  36277",464-753-1522
David Brannon RN,3264233,Pediatrics,"3200 Mc Kelvey Street, Elkhart, Indiana  46517",326-431-9389
Benjamin Mistry DO,1714281,Pediatrics,"7100 Whispering Trail, Irving, Texas  75060",628-801-2237
Cindy Kuang RN,01Z6900,Radiology and Diagnostic Radiology,"1900 Tahiti Drive, Cincinnati, Ohio  45224",361-939-9392
Anne Rodriguez RN,0664338,Family Medicine/General Practice,"300 Westley Avenue, Severna Park, Maryland  21146",704-256-4749
Lawrence Coleman MD,00Z1953,Cardiovascular Disease,"3500 Lin Snyder Road, Johnson City, Tennessee  37615",417-686-7333
Gary Perkins MD,00T1073,Family Medicine/General Practice,"7700 Acorn Drive, Boulder Creek, California  95006",630-757-8893
Patrick Brady MD,6635383,Obstetrics and Gynecology,"800 S Florissant Road, Saint Louis, Missouri  63135",426-313-2842
Robin Davis RN,2504711,Family Medicine/General Practice,"3000 Freshaire Drive, Springfield, Virginia  22153",774-287-2269
Lisa Sheard MD,21T7122,Radiology and Diagnostic Radiology,"9400 Kuehnis Drive, Campbell, California  95008",315-915-5382
Jerry Riggins MD,21S2167,Anesthesiology,"7600 Fineview Street, El Monte, California  91732",361-785-5476
Lacey Peters RN,42Z0271,Obstetrics and Gynecology,"3800 W 4th Street, Brooklyn, New York  11223",687-608-5488
Ryan Hodges RN,30T6637,Internal Medicine,"1100 N Division Avenue, Sterling, Colorado  80751",681-228-7818
Ryan Fulmer MD,3485396,Psychiatry,"8100 SW 272nd Terrace, Homestead, Florida  33032",252-868-3256
Philip Wood MD,1023652,Internal Medicine,"8200 Briarcliff Drive, East Lansing, Michigan  48823",767-496-2851
Christopher Price MD,5839596,Internal Medicine,"4400 Parkview Drive, Ixonia, Wisconsin  53036",238-460-4192
Carol Stevenson MD,34Y4401,Orthopedic Surgery,"2300 Vintage Road, Missoula, Montana  59803",208-616-4096
Lori Brown MD,0443427,Nephrology,"3300 Bryans Drive, Mcdonough, Georgia  30252",737-864-9420
Fannie Phillips MD,7377501,Pediatrics,"100 Oak Lane, Gonzales, Louisiana  70737",474-784-9622
Margaret Blevins MD,4466747,Anatomic/Clinical Pathology,"3200 Maderia Street, New Eagle, Pennsylvania  15067",664-550-2177
Claudia Vaughn MD,2162632,Gastroenterology,"9800 Edgewood Drive, Garland, Texas  75042",461-302-3488
Timothy Quinonez MD,11M2017,Pediatrics,"700 NW 89th Street, Miami, Florida  33147",674-390-8916
Melissa Nash RN,49S7806,Cardiovascular Disease,"6900 Downeyshire Court, Lawrenceville, Georgia  30044",932-456-9302
Loretta Harris MD,26M9282,Rheumatology,"4300 Stevenwoods Cove, Memphis, Tennessee  38141",803-500-4430
Maurice Seidel RN,10M9383,Radiology and Diagnostic Radiology,"600 Huntington Road, Hadley, Massachusetts  01035",478-726-3686
Alexander Fryer MD,8876928,Family Medicine/General Practice,"600 Glendale Avenue, Northampton, Massachusetts  01060",419-886-1068
Eric Holden MD,13U6107,Family Medicine/General Practice,"2500 Morton Street, Springfield, Massachusetts  01109",206-407-2011
Jeff Arnold RN,3527543,Anesthesiology,"3600 Bobs Road, Lacombe, Louisiana  70445",515-619-8948
Joe Flores MD,2564217,Pediatric Hematology/Oncology,"4100 Great Court, Elk Grove, California  95624",916-488-0413
Mary Spencer MD,6693879,Preventive Medicine,"4700 E Cypress Avenue, Tulare, California  93274",414-556-0073
Phyllis Santos PA-C,8139556,Obstetrics and Gynecology,"6400 Marshall Drive, Charlestown, Indiana  47111",334-551-2984
Raymond Walker MD,4563095,Anatomic/Clinical Pathology,"6600 Martin Eden Court, Pittsburg, California  94565",779-391-3976
Timothy Austin MD,0741214,Dermatology,"4700 Dunns Pond Court, Odessa, Florida  33556",436-712-5303
Sarah Hernandez MD,07S7603,Pediatrics,"1900 Marotta Loop, Ocoee, Florida  34761",945-277-1466
Rose Mitchell MD,92T5272,Preventive Medicine,"3000 Alton Court, Saginaw, Michigan  48603",924-323-1670
Moshe Jennings MD,8052065,Family Medicine/General Practice,"5700 N Paxon Street, Philadelphia, Pennsylvania  19131",512-914-6903
Vernard Humphrey PA-C,0381029,Family Medicine/General Practice,"8400 Kenny Road, Pottstown, Pennsylvania  19464",572-734-0035
Nicole Correa MD,90U2258,Psychiatry,"4300 Foxbrook Way, Fontana, California  92336",303-305-3794
Melissa Lugo MD,1566174,Family Medicine/General Practice,"9900 Park Place, Monroe, New York  10950",839-372-2796
Kelli Bates MD,3625640,Plastic Surgery,"4900 Snow Street, Brighton, Massachusetts  02135",539-314-2519
Darren Ma DO,2076286,Physical Medicine and Rehabilitation,"6200 W Kiehnau Avenue, Milwaukee, Wisconsin  53209",258-735-4732
Lisa Cooper PA-C,77Z1019,Family Medicine/General Practice,"1700 Timber Ridge Drive, San Angelo, Texas  76904",430-709-9751
Erin Austin RN,4385494,Obstetrics and Gynecology,"5600 Stetson Drive, Norco, California  92860",515-730-5607
Misty Hall MD,5380422,Family Medicine/General Practice,"9100 S 119th Street, Omaha, Nebraska  68144",725-938-2741
Todd Anderson MD,83U4326,Cardiovascular Disease,"5400 Disney Place, Livingston, New Jersey  07039",724-373-3788
Ray Murray MD,1747412,Pediatrics,"3400 Golf Pointe Circle, Fort Lauderdale, Florida  33321",812-522-7221
Rickey Burdette MD,6543219,Emergency Medicine,"3500 T447, Sugarloaf, Pennsylvania  18249",280-863-6131
Nancy Arriaga DO,84T8044,Anesthesiology,"4000 Aloha Drive, Salinas, California  93906",928-699-6240
Timothy Walker MD,5664739,Infectious Disease,"9800 Berkley Street, New Bedford, Massachusetts  02740",930-319-7395
Alida Attakai MD,2975750,Infectious Disease,"5300 Debarr Street, Louisville, Kentucky  40204",356-770-3591
Danielle Dodd MD,8403914,Anesthesiology,"400 Burgoyne Street, Dorchester Center, Massachusetts  02124",651-755-2676
Ray Jenkins MD,9536280,Dermatology,"6900 Cramond Street, Albany, New York  12205",270-560-2248
Dominique Hale MD,1132894,Physical Medicine and Rehabilitation,"3700 Dahlwiny Court, Atlanta, Georgia  30350",670-283-1019
Jeffrey Johnston MD,01U9272,Critical Care Medicine,"3500 Marchant Place, Lewisville, Texas  75067",243-806-7453
James Mccurdy MD,7866440,Anesthesiology,"7900 Bel-Aire Court, Porterville, California  93257",331-755-0387
Derek Li MD,7590916,Obstetrics and Gynecology,"400 Lick Street, Goodlettsville, Tennessee  37072",435-994-3690
Andrienne Colorado PA-C,43T6661,Anesthesiology,"7900 E Bend Road, Jefferson City, Missouri  65101",402-488-9629
Jessica Hernandez RN,8667156,Family Medicine/General Practice,"5600 Brutus Terrace, Lake Mary, Florida  32746",268-937-0812
Kimberly Diamond MD,88Z8555,Radiology and Diagnostic Radiology,"2300 Grant Street, Mckeesport, Pennsylvania  15132",406-939-5552
Jessica Moreno MD,1307714,Nephrology,"9000 Wagon Wheel Climb SW, Lawrenceville, Georgia  30044",385-691-2241
Eartha Fink MD,33Z4180,Orthopedic Surgery,"500 North 87th Avenue, Peoria, Arizona  85345",856-482-2151
Hollie East PA-C,48W9956,Critical Care Medicine,"7400 Rose Lane, Waynesville, North Carolina  28786",642-738-5610
Charles Jackson MD,3034521,Preventive Medicine,"2400 Christine Way, Bolingbrook, Illinois  60440",424-577-2473
Kevin Hanna MD,5483213,Emergency Medicine,"1800 N 425 E, La Porte, Indiana  46350",516-334-0085
Lawrence Blair DO,3133873,Hematology and Oncology,"900 Center Unity Road, Jewett, Ohio  43986",570-416-5141
William Reeves MD,1287210,Internal Medicine,"9500 Roberta Street, Portsmouth, Virginia  23707",458-556-7449
Melissa Nguyen RN,79T4556,Family Medicine/General Practice,"7100 S Canal Drive, Chandler, Arizona  85225",245-249-0576
Russell Montes MD,67Y0769,Internal Medicine,"3400 W Jefferson Court, Spokane, Washington  99203",914-838-8817
Katelyn Miller MD,87S1650,Radiology and Diagnostic Radiology,"8500 Chippewa Avenue, Thief River Falls, Minnesota  56701",751-969-6790
Randy Hawk PA-C,29U9432,Family Medicine/General Practice,"3800 Blair Road, Alvin, Texas  77511",585-928-5354
Linda Freeland PA-C,05T6881,Emergency Medicine,"2300 Rosilie Street, San Mateo, California  94403",835-775-7611
Randell Ramos MD,7285670,Anesthesiology,"1400 Mosco Street, New York, New York  10013",726-941-2609
Clifford Thompson MD,10Z4632,Neonatal-Perinatal Medicine,"2600 Spurflower Cove, Austin, Texas  78759",464-454-4697
Deontay Jamison MD,3539810,Obstetrics and Gynecology,"2200 Adelphia Avenue, Lake Bluff, Illinois  60044",415-323-3839
Brandi Lee-Thompson MD,4069154,Family Medicine/General Practice,"3200 Selma Street, Versailles, Kentucky  40383",258-689-4572
Elizabeth Williamson MD,5493629,Obstetrics and Gynecology,"6800 Seagate Drive, San Leandro, California  94577",485-693-2575
John West DO,2880088,Nephrology,"5300 Tuscany Circle, Mesquite, Nevada  89027",560-630-6169
Jeffrey Rodriguez MD,64T8165,Radiology and Diagnostic Radiology,"300 Black Friars Yard, Buffalo, New York  14222",707-539-7209
Cornelia Lynch MD,27T5035,Pediatrics,"1000 Rose Glen Court, Falls Church, Virginia  22042",530-456-9678
Richard Stephens RN,1514671,Internal Medicine,"5400 SE Lavina Circle, Port Saint Lucie, Florida  34952",448-515-6488
Joseph Stevens RN,9070344,Plastic Surgery,"8100 Evergreen Road, Northford, Connecticut  06472",328-766-3414
Kurt Schaffer RN,4769781,Infectious Disease,"1200 Kootenay Drive, Santa Ana, California  92705",284-557-0114
Ralph Hensley MD,36S9775,Orthopedic Surgery,"5800 Silver Fox Drive, Grantsville, Utah  84029",439-828-1839
Jodie Keefe MD,6850423,Cardiovascular Disease,"7300 Water Port Court, Bowie, Maryland  20721",940-573-2352
Jonique Ritter RN,1209321,Internal Medicine,"1900 45th Street, Astoria, New York  11103",982-787-7692
Sande Cook RN,23U9797,Psychiatry,"6600 S Honore Street, Chicago, Illinois  60643",803-359-9361
Tammy Dudley RN,7626715,Vascular and Interventional Radiology,"3700 Bonnybrook Way, Columbus, Georgia  31907",456-821-4510
Amber Avila MD,3991131,Family Medicine/General Practice,"9600 England Drive, Plano, Texas  75025",609-773-6656
Brandy Ryan MD,1982723,Internal Medicine,"9800 W Main Street, Marble Hill, Missouri  63764",431-285-6614
Marcia Barr MD,19S8337,Cardiovascular Disease,"4600 Hayride Road, Del Valle, Texas  78617",252-923-2558
Holly Russell PA-C,4333934,Pediatrics,"5300 18th Street SE, Rochester, Minnesota  55904",926-372-9232
Robert Herrera MD,29U4401,Anesthesiology,"6700 Rison Ridge, Helotes, Texas  78023",356-435-7062
Maria Sutton MD,19Y2905,Pediatric Hematology/Oncology,"1600 W Ann Road, North Las Vegas, Nevada  89031",987-560-1591
Katherine Parker RN,1510984,Internal Medicine,"1200 W Rock Oak Court, South Jordan, Utah  84095",434-585-7582
Kimberly Urbina MD,7477609,Pediatrics,"6400 Burkhead Street, Clarendon, Texas  79226",702-752-5496
David Perez RN,3090444,Cardiovascular Disease,"6400 N 34th Street, Cave Creek, Arizona  85331",574-436-5609
Mary Mccracken MD,3462362,Family Medicine/General Practice,"5100 Friendly Place, Zephyrhills, Florida  33540",680-882-1721
Denise Cruz DO,55S3304,Ophthalmology,"5300 E 50th Avenue, Independence, Missouri  64055",248-225-5408
Lucas Dunn MD,48Z4799,Family Medicine/General Practice,"3300 Lindbergh Lane, Wellington, Florida  33414",289-901-4809
Teresa Moye PA-C,0909557,Family Medicine/General Practice,"7500 County Road Q, Wausau, Wisconsin  54403",405-795-3227
Petra Ward MD,9108024,Dermatology,"8800 Cottage Court, Middle Island, New York  11953",426-741-7901
Len Wright MD,5238459,Anesthesiology,"1900 Englewood Avenue, Everett, Massachusetts  02149",340-281-8499
Jennifer Jones MD,7204046,Psychiatry,"1900 W 19th Place, Denver, Colorado  80214",835-434-6460
Lucero Huffman PA-C,1536386,Pediatrics,"7100 Little Bear Court, Apple Valley, California  92308",983-795-2201
Edward Magee PA-C,38U3712,Internal Medicine,"600 Highfield Court, Shelby, North Carolina  28150",415-724-7978
Barbara Peters RN,08U3196,Psychiatry,"8100 Clifford Street, Odessa, Texas  79761",814-708-0304
Joseph Childers MD,84W6254,Psychiatry,"5400 Side Park, Bluefield, West Virginia  24701",676-425-8612
Emily Carter PA-C,3121219,Ophthalmology,"1600 E 171st Street, Westfield, Indiana  46074",763-606-7209
Daniel Mateo MD,4271755,Family Medicine/General Practice,"2700 E Afton, Arco, Idaho  83213",631-670-1540
Donald Jones RN,7858571,Anesthesiology,"8000 Bills Court, White Lake, Michigan  48386",512-774-5393
Richard Reynolds RN,72Y2892,Anatomic/Clinical Pathology,"5500 Old Rockwell Road, China Grove, North Carolina  28023",442-469-5105
Christopher Clark MD,4615724,Gastroenterology,"1400 S Stony Island Avenue, Chicago, Illinois  60617",670-839-7966
Molly Johnson MD,0109136,Urology,"600 Breezy Hill Road, Parksville, New York  12768",450-517-8331
Jim Rosenthal MD,64W6853,Pediatrics,"2600 Wailohia Place, Ewa Beach, Hawaii  96706",775-824-1258
Jillian Griffin MD,7368967,Nephrology,"9900 Elizabeth Street, Gardner, Massachusetts  01440",505-910-8764
Tim Hubbard RN,11Z3612,Otolaryngology,"7200 Fairlawn Drive, Hermitage, Pennsylvania  16148",648-296-9702
Nancy Tinker MD,55U7865,Orthopedic Surgery,"4200 Signal Hill, Kaysville, Utah  84037",719-787-4726
Nolan Kennedy MD,97Y3614,Emergency Medicine,"2600 Hatchee Vista Drive, Fort Myers, Florida  33919",874-286-1454
Ricky Clevenger MD,8837859,Anesthesiology,"7900 Wheathill Way, Tampa, Florida  33615",949-270-1567
Christie Rowe RN,99T8039,Pediatrics,"3300 N Cedarburg Road, Milwaukee, Wisconsin  53209",931-571-4353
Paul Bender MD,1872685,Family Medicine/General Practice,"8500 Lexington Avenue, Brooklyn, New York  11216",510-847-2535
Ann Mccormack MD,0061353,Family Medicine/General Practice,"6200 16th Street SE, Devils Lake, North Dakota  58301",901-499-6737
Melissa Morning RN,1235939,Neurological Surgery,"2700 Central Boulevard, Jupiter, Florida  33458",223-604-2101
Charles Yoder MD,3122929,Anesthesiology,"6300 Old Deyo Hill Road, Johnson City, New York  13790",320-669-7287
Jeremy Bryant PA-C,01M2802,Pediatrics,"3000 S Brown Road, Roswell, New Mexico  88203",363-323-0627
Wayne Clemons RN,78U1916,Radiation Oncology,"2100 Thompson Court, Cleveland, Ohio  44106",814-698-7733
Monica Herring RN,5853254,Psychiatry,"2200 Brooklyn Albany Road, Brooklyn, Wisconsin  53521",860-272-2117
Courtney Hoffman DO,8231623,Anatomic/Clinical Pathology,"7600 N 101st Avenue, Peoria, Arizona  85383",419-279-2536
Allen Paul RN,66Y3023,Internal Medicine,"7900 S 1st Street, Meriden, Connecticut  06451",657-627-5354
Rex Peters MD,8748396,Cardiovascular Disease,"900 Kelly Circle, La Palma, California  90623",805-497-1578
Becki Plunkett MD,4672959,Radiology and Diagnostic Radiology,"9100 York Road, Newton, New Jersey  07860",273-221-6106
Shawn Roberts MD,16M3854,Nephrology,"9100 E Elizabeth Street, Olathe, Kansas  66061",531-996-6655
Robert Garcia DO,4619581,Thoracic Surgery,"6900 Gatewood Drive, Waterville, Ohio  43566",450-662-0739
Christian Cottrell RN,3684734,Pediatrics,"1800 Haskell Avenue, Clinton, Massachusetts  01510",312-343-3383
Sabrina Lowe MD,6479106,Family Medicine/General Practice,"4500 Arbor Street, Richland, Washington  99352",446-360-4228
Pamela Masuda MD,27Y6845,Emergency Medicine,"800 Jeanette Lane, Polk City, Florida  33868",356-306-6672
Christopher Wang MD,35Z6207,Family Medicine/General Practice,"4500 McFarland Avenue, Chattanooga, Tennessee  37405",786-939-8300
Catherine Williams DO,8853607,Anatomic/Clinical Pathology,"300 Logan Avenue, Atlantic City, New Jersey  08401",728-750-6294
Robert Booker DO,0074505,Obstetrics and Gynecology,"8200 Mulberry Court, Nampa, Idaho  83687",440-571-2285
Lamar Morton MD,4008510,Pediatrics,"1600 W Bridge Street, Oswego, New York  13126",832-846-1370
Matthew Lor MD,0198573,Pediatric Hematology/Oncology,"2100 Ohio Street, Monroeville, Indiana  46773",646-862-1807
Joann Swan MD,2208125,General Surgery,"5200 E Barner Street, Frankfort, Indiana  46041",315-333-7110
Herbert Durham MD,87U3449,Allergy and Immunology,"4000 Iranistan Road, Burlington, Vermont  05401",806-389-8545
Matthew Santos RN,59M5374,Family Medicine/General Practice,"500 Overmoor Street, Oakland, California  94605",736-667-5060
Robert Knight MD,28W8463,Internal Medicine,"700 E Blanton Street, Alto, Texas  75925",878-862-8686
Steven Thomas DO,81S9199,Physical Medicine and Rehabilitation,"1200 Willow Drive, Socorro, New Mexico  87801",842-432-3783
Matthew Guyton PA-C,3498459,Neonatal-Perinatal Medicine,"3100 Timberwood Drive, Lenoir, North Carolina  28645",717-246-9125
John Perry MD,9481145,Family Medicine/General Practice,"8600 Cedar Lane, Bourbonnais, Illinois  60914",267-629-8148
Jay Butler MD,7174922,Interventional Cardiology,"400 211th Pkwy, Matteson, Illinois  60443",846-561-5069
Richard Brown MD,64U2932,Obstetrics and Gynecology,"1200 Aspen Court, Streamwood, Illinois  60107",257-724-3400
Chris Paul MD,3544405,Anesthesiology,"8200 Hopestone Xing, Irmo, South Carolina  29063",741-540-3946
Brian Baldwin MD,92Y0456,General Surgery,"6600 SW North River Drive, Miami, Florida  33130",518-885-6074
Donna Wilson MD,3670894,Rheumatology,"3500 Church Road, Riegelsville, Pennsylvania  18077",247-934-9953
Patrice Adams MD,1633054,Orthopedic Surgery,"8200 Kiowa Lane, Wheaton, Illinois  60189",342-340-3809
Thai Brooks MD,1698124,Vascular Surgery,"6300 Thomas Road, Charlotte, North Carolina  28278",863-549-7608
Gilda Weiss MD,0050918,Internal Medicine,"8500 Armstrong Road, Jersey City, New Jersey  07304",765-731-3963
Marla Grimm DO,51W7108,Neurological Surgery,"3500 Nantucket Place, Scarsdale, New York  10583",923-922-2449
Christie Cox MD,5702951,Obstetrics and Gynecology,"3300 775 N, Clinton, Illinois  61727",875-221-6883
Morgan Ellis RN,8865858,Physical Medicine and Rehabilitation,"7400 Ruby Lane, Streetsboro, Ohio  44241",515-400-4588
Stacia White DO,6973997,Obstetrics and Gynecology,"900 Old Ferry Road, Charlestown, New Hampshire  03603",986-877-0295
Clyde Pearce MD,7767732,Radiology and Diagnostic Radiology,"7000 Red Hill Lane, Shamokin, Pennsylvania  17872",715-944-0220
Karen Johnson RN,8157944,Internal Medicine,"3900 Grubbs Road, Aubrey, Texas  76227",624-594-0064
John Sung DO,42M7320,Family Medicine/General Practice,"1000 Graceland Avenue, Baltimore, Maryland  21224",828-309-1518
Patricia Spangler PA-C,4778301,Family Medicine/General Practice,"3900 Portal Court, Woodbridge, Virginia  22193",487-285-1658
Jennifer Pinkerton DO,75S4851,Family Medicine/General Practice,"2800 Chris Ann Court, Old Bridge, New Jersey  08857",928-225-1701
Karen Chang MD,06U2771,Emergency Medicine,"8700 Welchpoole Court, Dunkirk, Maryland  20754",450-708-6328
Robert Moore MD,7713704,Internal Medicine,"8500 Evensong Avenue, Farmington, Minnesota  55024",654-589-5828
Diane Roberts PA-C,58S3834,Anesthesiology,"3400 Killdeer Court, Frederick, Maryland  21703",813-749-1890
Brian Orellana MD,44S0906,Dermatology,"9300 County Road 206, Linn, Missouri  65051",951-410-1722
Duane Valdez MD,88Y8920,Internal Medicine,"2600 N Poplar Avenue, Sanford, Florida  32771",725-381-1298
Randell Campbell MD,80U8593,Psychiatry,"2700 Sun Road, Plainview, Texas  79072",616-338-6136
Terri Jackson RN,68Z5008,Infectious Disease,"9300 N Narragansett Avenue, Chicago, Illinois  60630",939-573-5354
Alfred Battle MD,72W9220,Psychiatry,"6300 W 90th Street, New York, New York  10024",738-203-6175
Shirley Hopkins MD,0268894,Anesthesiology,"5400 S Sewalls Point Road, Stuart, Florida  34996",789-630-5248
Samad Muro MD,8803271,Internal Medicine,"4700 N Rushwood Circle, Wichita, Kansas  67226",330-265-4987
Alexander Yee MD,7957185,Cardiovascular Disease,"2500 Tullamore Street, Howell, Michigan  48843",427-745-1884
Jamie Andersen MD,5769252,Internal Medicine,"300 Brentwood Ter NE, Atlanta, Georgia  30305",785-293-6271
Delena Delagarza DO,9419319,Internal Medicine,"8200 Kosciusnko Street NE, Grand Rapids, Michigan  49503",986-938-8759
Curtis Adams MD,91T3207,Family Medicine/General Practice,"9100 Blakemore Place, Saint Louis, Missouri  63121",518-462-2069
Sandra Roberts MD,64T6678,Family Medicine/General Practice,"8000 Dumas Street, Dallas, Texas  75214",869-577-5420
Alfred Mullen RN,93Z4822,Family Medicine/General Practice,"3100 State Route 43, Waukegan, Illinois  60085",421-841-9029
Elyse Wade MD,41T4610,Family Medicine/General Practice,"3700 Lindale Street, Bellflower, California  90706",223-571-1597
Ann Henry MD,2043516,Psychiatry,"5800 17th Street, Bayville, New York  11709",326-757-9663
Tabitha Fritz-Keen MD,7208255,Family Medicine/General Practice,"7000 Vista del Mar Avenue, Los Angeles, California  90028",824-633-7947
Keith Cotton MD,4063231,Family Medicine/General Practice,"1500 SE 399th Street, Enumclaw, Washington  98022",843-652-8567
Kyle Gomez MD,4748530,Interventional Cardiology,"9800 W Fuller Drive, Phoenix, Arizona  85086",585-812-4565
Francisco Hernandez MD,4522551,Pediatrics,"5700 Cedar Circle W, Southaven, Mississippi  38671",605-626-9871
Janis Miller MD,26M6288,Child and Adolescent Psychiatry,"2800 W Reeve Street, Appleton, Wisconsin  54914",425-827-9467
Brittany Sandhu MD,8135542,Gastroenterology,"5500 Tarpley Avenue, Dallas, Texas  75211",345-697-7302
Sonia Cox MD,01T2868,Family Medicine/General Practice,"6400 Love Road, Lindale, Texas  75771",218-684-4337
Kelly Kapur RN,90U5134,Pediatrics,"7000 Ludwig Avenue, Saint Louis, Missouri  63133",280-996-1335
Martha Shaw MD,8772890,Cardiovascular Disease,"3200 Froberg Road, Lynden, Washington  98264",289-654-4773
Donald Winter MD,13Y2294,Family Medicine/General Practice,"8300 Falcon Drive, Fairfield, California  94533",303-367-9726
Tami Moore MD,0082934,Emergency Medicine,"5200 Desert Vine Circle, Katy, Texas  77450",678-831-9554
John Smith MD,9081205,Gastroenterology,"2000 W Pearhollow Circle, Orem, Utah  84058",864-768-2705
David Angel RN,82Y2927,Family Medicine/General Practice,"7000 Gibson Place, Oxnard, California  93033",520-887-5347
Amanda Mcconnell RN,9911851,Radiology and Diagnostic Radiology,"9500 E 14th Street, Houston, Texas  77009",609-714-8433
Whitney Phillips MD,9903079,Orthopedic Surgery,"4800 W Desoto Drive, Hollywood, Florida  33023",225-679-3834
Nancy Ramos DO,4760251,Internal Medicine,"900 June Circle, Ventura, California  93004",728-669-7493
Pamela Gardner MD,04S6252,Psychiatry,"3100 E Church Avenue, Fresno, California  93727",323-810-9455
Bruce Johnson MD,78W2623,Internal Medicine/Pediatrics,"5700 Red Bud Lane, Berkeley Springs, West Virginia  25411",632-795-4466
Mary Mccloud RN,0962048,General Surgery,"4400 Katie Lane, Laurel, Maryland  20723",651-341-6225
Nicole Phillips RN,54Y9355,Plastic Surgery,"6700 186th Street, Redondo Beach, California  90278",817-634-5613
Michael Vincent MD,88M2381,Critical Care Medicine,"7200 Dixon Park Boulevard, Louisville, Kentucky  40299",453-969-0468
Cresencio Carpenter MD,2912516,Plastic Surgery,"1100 W Main, Benavides, Texas  78341",682-981-5239
Amber Oneill MD,20Y1224,Infectious Disease,"8300 Maple Street, Marcellus, Michigan  49067",970-288-8021
Kassandra Quintanilla MD,8918759,Anesthesiology,"1800 Ellen Avenue, Fort Wayne, Indiana  46808",676-784-6723
Frederick Mcmurray MD,3701747,Psychiatry,"400 Ward Avenue, Detroit, Michigan  48227",676-779-8821
Heather Mitchell MD,76S9716,Internal Medicine,"700 Whitfield Lane, Orlando, Florida  32835",976-660-1928
Bernice Price RN,3828189,Internal Medicine/Pediatrics,"1800 West Briner Drive, Tucson, Arizona  85743",835-477-9652
Lauren Smith RN,8528929,Family Medicine/General Practice,"4800 SW 6th Avenue, Miami, Florida  33130",650-638-9732
Roxanne Nelson MD,4820158,Internal Medicine,"5700 224th Court, Chicago Heights, Illinois  60411",851-538-0603
Julie George RN,6445239,Family Medicine/General Practice,"3400 Knobview Court, Holly Springs, North Carolina  27540",209-735-0990
Sharon Rawal RN,30U0386,Gastroenterology,"4100 SE Luther Road, Portland, Oregon  97206",602-967-6965
Jeannie Casey MD,09T9263,Internal Medicine,"7100 Arctic Circle, Conroe, Texas  77306",771-634-6147
Kathy Soto MD,2131453,Emergency Medicine,"6000 Commercial Avenue, San Gabriel, California  91776",650-346-6952
Scott Hamby RN,3150500,Anesthesiology,"4000 Vest Street, Post Falls, Idaho  83854",246-367-6818
Lara Berg MD,50U8807,Internal Medicine,"1900 Priority Way South Drive, Indianapolis, Indiana  46240",560-369-4835
Steven Powell MD,7514236,Internal Medicine,"5000 Nicobar Lane, Punta Gorda, Florida  33955",808-586-6150
Yvonne Hansen MD,66Y9696,Pediatrics,"8200 Park Vista Lane, Winston Salem, North Carolina  27101",906-413-2584
Margaret Floyd MD,8123896,Anesthesiology,"3200 Xenon Drive NW, Princeton, Minnesota  55371",531-891-2314
Glenda Richards RN,7579712,Pulmonary Disease,"5800 North Jester Avenue, Dallas, Texas  75211",429-351-7338
Jon Ramos MD,5141067,Otolaryngology,"8700 Notre Dame Road, Caseville, Michigan  48725",362-772-2455
John Guzman RN,8041615,Pulmonary Disease,"1200 Acme Road, Ranchester, Wyoming  82839",328-636-9176
Jeffery Bonilla MD,3292276,Anesthesiology,"5700 Medical Park Drive, Mobile, Alabama  36693",363-870-6566
Melissa Simpson MD,53Y4636,Family Medicine/General Practice,"7300 N 29th Street, Van Buren, Arkansas  72956",530-936-3085
Kermit Steele MD,87U9507,Family Medicine/General Practice,"8100 Mitchell Way, Juneau, Alaska  99801",310-525-2473
Jackie Kunkel DO,3615457,Neurology,"8500 Blaty Street, Taylor, Michigan  48180",959-954-2788
David Chaney MD,52U1721,Physical Medicine and Rehabilitation,"3200 Perry Creek Road SW, Olympia, Washington  98512",943-275-7828
Donna Robertson PA-C,4466418,Anesthesiology,"9400 Hillside Road, West New York, New Jersey  07093",875-229-3489
Meredith Alicea MD,37Y6054,Obstetrics and Gynecology,"3800 N Howell Street, Saint Paul, Minnesota  55104",635-696-5648
Richard Bailey RN,4481519,Pediatrics,"9600 North Texas Boulevard, Weslaco, Texas  78596",680-973-9340
Jacquelyn Pryor RN,8468645,Critical Care Medicine,"6200 Egan Drive, Orlando, Florida  32822",510-728-8574
Natalie Black MD,49T4152,Nephrology,"4200 Sandifer Street, Hazlehurst, Mississippi  39083",856-451-6597
Margy Bester MD,5866500,Obstetrics and Gynecology,"6700 Hampstead Way, Santa Cruz, California  95062",221-395-7653
Gloria Lewis MD,54Z4549,Internal Medicine,"5300 West Morning Dove Drive, Glendale, Arizona  85308",630-491-0728
Kelly Antoine PA-C,77S8880,Emergency Medicine,"6400 South Sailors Way, Gilbert, Arizona  85295",447-218-4716
